<?xml version="1.0" encoding="UTF-8"?>
<!DOCTYPE suite SYSTEM "https://testng.org/testng-1.0.dtd" >
<suite parallel="false" name="Suite">
    <test name="Test">
        <parameter name="username" value="admin"/>
        <parameter name="password" value="password"/>
    <groups>
        <run>
            <include name="HeaderTests" />
            <!--<exclude name="HeaderTests" />-->
        </run>
    </groups>
        <classes>
            <class name="suiteExample.DemoOne"/>
            <class name="suiteExample.DemoTwo"/> 
            <class name="com.com.testNG.Activity_5"/>
            <class name="com.com.testNG.Activity_6"/>
            <class name="com.com.testNG.Activity_7"/>
            <class name="com.com.testNG.Activity_9"/>
            <class name="com.com.testNG.Activity_10"/>
        </classes>
    </test> <!-- Test -->
</suite> <!-- Suite -->